{
  "hash": "dbbe33db",
  "configHash": "3362700f",
  "lockfileHash": "0b437ff7",
  "browserHash": "45e911d8",
  "optimized": {
    "@angular/common": {
      "src": "../../../../../../node_modules/@angular/common/fesm2022/common.mjs",
      "file": "@angular_common.js",
      "fileHash": "83bd8a9c",
      "needsInterop": false
    },
    "@angular/core": {
      "src": "../../../../../../node_modules/@angular/core/fesm2022/core.mjs",
      "file": "@angular_core.js",
      "fileHash": "33d659cc",
      "needsInterop": false
    },
    "@angular/forms": {
      "src": "../../../../../../node_modules/@angular/forms/fesm2022/forms.mjs",
      "file": "@angular_forms.js",
      "fileHash": "99a79913",
      "needsInterop": false
    },
    "@angular/platform-browser": {
      "src": "../../../../../../node_modules/@angular/platform-browser/fesm2022/platform-browser.mjs",
      "file": "@angular_platform-browser.js",
      "fileHash": "ac57e479",
      "needsInterop": false
    },
    "@angular/router": {
      "src": "../../../../../../node_modules/@angular/router/fesm2022/router.mjs",
      "file": "@angular_router.js",
      "fileHash": "bfe58ae1",
      "needsInterop": false
    }
  },
  "chunks": {
    "chunk-DSC7OBGJ": {
      "file": "chunk-DSC7OBGJ.js"
    },
    "chunk-OKWZKB73": {
      "file": "chunk-OKWZKB73.js"
    },
    "chunk-WVGQZYRG": {
      "file": "chunk-WVGQZYRG.js"
    }
  }
}